{
  "dataset_dir": "/8T2/xty/code/cross_stitch_1s_datasets/ul_rr_1s_cdlc_10000s",
  "sweep_mode": "wide",
  "config_count": 32,
  "hist_window": 16,
  "max_horizon": 10,
  "train_windows": 8975,
  "test_windows": 975,
  "sinr_mean": 7.111152172088623,
  "sinr_std": 1.7671548128128052,
  "best_config_id": 4,
  "best_config": {
    "hidden_dim": 64,
    "num_layers": 2,
    "dropout": 0.1,
    "lr": 0.001,
    "weight_decay": 0.0001,
    "residual": false,
    "loss": "smooth_l1",
    "beta": 0.25
  },
  "best_val_mae": 1.2360531091690063,
  "summary": {
    "Last SINR": {
      "avg_mae_1_10": 1.77141535282135,
      "avg_mse_1_10": 5.622137546539307,
      "avg_corr_1_10": 0.00042565743206068873,
      "mae_by_horizon": [
        1.7678245306015015,
        1.783852219581604,
        1.7796828746795654,
        1.7652695178985596,
        1.7487125396728516,
        1.8060194253921509,
        1.7228970527648926,
        1.7814565896987915,
        1.7473684549331665,
        1.8110706806182861
      ],
      "mse_by_horizon": [
        5.724105358123779,
        5.8180389404296875,
        5.4073052406311035,
        5.4917216300964355,
        5.4983439445495605,
        5.8565802574157715,
        5.484079360961914,
        5.696564197540283,
        5.449306488037109,
        5.795328617095947
      ],
      "corr_by_horizon": [
        -0.02578612044453621,
        -0.03494687005877495,
        0.0379156693816185,
        0.02293110080063343,
        0.020380429923534393,
        -0.03853178396821022,
        0.027244582772254944,
        -0.010339008644223213,
        0.03343741595745087,
        -0.028048837557435036
      ],
      "pred_std_mean": 1.6700894832611084,
      "true_std_mean": 1.683819055557251
    },
    "History Mean": {
      "avg_mae_1_10": 1.2993547916412354,
      "avg_mse_1_10": 3.0643622875213623,
      "avg_corr_1_10": -0.038691386580467224,
      "mae_by_horizon": [
        1.2858167886734009,
        1.2992497682571411,
        1.2966101169586182,
        1.2986035346984863,
        1.302285075187683,
        1.3040529489517212,
        1.3024613857269287,
        1.303090214729309,
        1.2999845743179321,
        1.3013933897018433
      ],
      "mse_by_horizon": [
        2.9705209732055664,
        3.0372352600097656,
        3.035456657409668,
        3.05426025390625,
        3.0672318935394287,
        3.0936896800994873,
        3.090056896209717,
        3.0906593799591064,
        3.0981805324554443,
        3.1063315868377686
      ],
      "corr_by_horizon": [
        -0.0035424306988716125,
        -0.02157699689269066,
        -0.02118302881717682,
        -0.03440195322036743,
        -0.04928332567214966,
        -0.04899587482213974,
        -0.04760820418596268,
        -0.04759605601429939,
        -0.05325990170240402,
        -0.059466104954481125
      ],
      "pred_std_mean": 0.417793333530426,
      "true_std_mean": 1.683819055557251
    },
    "Train Mean": {
      "avg_mae_1_10": 1.2431062459945679,
      "avg_mse_1_10": 2.8366708755493164,
      "avg_corr_1_10": NaN,
      "mae_by_horizon": [
        1.2374287843704224,
        1.2437628507614136,
        1.2432295083999634,
        1.2434778213500977,
        1.2411904335021973,
        1.2455189228057861,
        1.24418306350708,
        1.2443851232528687,
        1.2440513372421265,
        1.2438355684280396
      ],
      "mse_by_horizon": [
        2.7930986881256104,
        2.8338510990142822,
        2.8323941230773926,
        2.832731008529663,
        2.825068473815918,
        2.851240873336792,
        2.8494696617126465,
        2.8500635623931885,
        2.8496999740600586,
        2.8490920066833496
      ],
      "corr_by_horizon": [
        NaN,
        NaN,
        NaN,
        NaN,
        NaN,
        NaN,
        NaN,
        NaN,
        NaN,
        NaN
      ],
      "pred_std_mean": 4.76837158203125e-07,
      "true_std_mean": 1.683819055557251
    },
    "LSTM": {
      "avg_mae_1_10": 1.2136904001235962,
      "avg_mse_1_10": 2.8642520904541016,
      "avg_corr_1_10": 0.02623509243130684,
      "mae_by_horizon": [
        1.2078360319137573,
        1.2140007019042969,
        1.212282657623291,
        1.2129709720611572,
        1.2121013402938843,
        1.2164182662963867,
        1.218316674232483,
        1.2155342102050781,
        1.214444637298584,
        1.2129970788955688
      ],
      "mse_by_horizon": [
        2.8235433101654053,
        2.8619964122772217,
        2.8757002353668213,
        2.860900640487671,
        2.843844175338745,
        2.8822479248046875,
        2.8654866218566895,
        2.8722310066223145,
        2.8728578090667725,
        2.883713722229004
      ],
      "corr_by_horizon": [
        0.014634409919381142,
        0.017494387924671173,
        0.016182411462068558,
        0.03253574296832085,
        0.035486143082380295,
        0.0005311757558956742,
        0.02085006982088089,
        0.03096151538193226,
        0.04665697365999222,
        0.04701809585094452
      ],
      "pred_std_mean": 0.04896799847483635,
      "true_std_mean": 1.683819055557251
    }
  }
}