{
  "model": "Cross-Stitch",
  "dataset": "single_user_pf_5Hz",
  "metrics": {
    "rb": {
      "mae": 0.897310733795166,
      "mse": 1.6769943237304688
    },
    "sinr": {
      "mae": 1.1308677196502686,
      "mse": 2.5768301486968994
    },
    "throughput": {
      "mae": 0.8952996134757996,
      "mse": 1.5009758472442627
    }
  },
  "count": 88500
}