{
  "model": "Cross-Stitch",
  "dataset": "single_user_pf_800Hz",
  "metrics": {
    "rb": {
      "mae": 3.9201695919036865,
      "mse": 35.92405700683594
    },
    "sinr": {
      "mae": 1.3342410326004028,
      "mse": 3.553994655609131
    },
    "throughput": {
      "mae": 2.5918354988098145,
      "mse": 13.288975715637207
    }
  },
  "count": 88500
}