{
  "dataset_dir": "/8T2/xty/code/cross_stitch_1s_datasets/ul_rr_1s_cdlc_10000s",
  "hist_window": 5,
  "max_horizon": 3,
  "train_windows": 8993,
  "test_windows": 993,
  "sinr_mean": 7.111152172088623,
  "sinr_std": 1.7671548128128052,
  "best_config_id": 9,
  "best_config": {
    "hidden_dim": 32,
    "num_layers": 2,
    "dropout": 0.1,
    "lr": 0.001,
    "weight_decay": 0.0001,
    "residual": true
  },
  "best_val_mae": 1.238445520401001,
  "summary": {
    "Last SINR": {
      "avg_mae_1_3": 1.7854138612747192,
      "avg_mse_1_3": 5.70192289352417,
      "avg_corr_1_3": -0.005313037429004908,
      "mae_by_horizon": [
        1.7812272310256958,
        1.7885208129882812,
        1.7864938974380493
      ],
      "mse_by_horizon": [
        5.786881446838379,
        5.862875938415527,
        5.4560112953186035
      ],
      "corr_by_horizon": [
        -0.019963061437010765,
        -0.03391319140791893,
        0.037937138229608536
      ],
      "pred_std_mean": 1.6839150190353394,
      "true_std_mean": 1.6841044425964355
    },
    "History Mean": {
      "avg_mae_1_3": 1.3697258234024048,
      "avg_mse_1_3": 3.3235204219818115,
      "avg_corr_1_3": 0.023503249511122704,
      "mae_by_horizon": [
        1.3697212934494019,
        1.3807752132415771,
        1.358681321144104
      ],
      "mse_by_horizon": [
        3.3394622802734375,
        3.3513991832733154,
        3.2796993255615234
      ],
      "corr_by_horizon": [
        0.0178289283066988,
        0.011813863180577755,
        0.04086695984005928
      ],
      "pred_std_mean": 0.7387704849243164,
      "true_std_mean": 1.6841044425964355
    },
    "Train Mean": {
      "avg_mae_1_3": 1.2425764799118042,
      "avg_mse_1_3": 2.837078332901001,
      "avg_corr_1_3": NaN,
      "mae_by_horizon": [
        1.2434476613998413,
        1.2420117855072021,
        1.2422701120376587
      ],
      "mse_by_horizon": [
        2.8389716148376465,
        2.8358283042907715,
        2.836435079574585
      ],
      "corr_by_horizon": [
        NaN,
        NaN,
        NaN
      ],
      "pred_std_mean": 0.0,
      "true_std_mean": 1.6841044425964355
    },
    "LSTM": {
      "avg_mae_1_3": 1.2197602987289429,
      "avg_mse_1_3": 2.846162796020508,
      "avg_corr_1_3": 0.0359029658138752,
      "mae_by_horizon": [
        1.2171621322631836,
        1.218942403793335,
        1.2231762409210205
      ],
      "mse_by_horizon": [
        2.848665952682495,
        2.840029716491699,
        2.849792242050171
      ],
      "corr_by_horizon": [
        0.05726474151015282,
        0.041911061853170395,
        0.008533088490366936
      ],
      "pred_std_mean": 0.0814506933093071,
      "true_std_mean": 1.6841044425964355
    }
  }
}